product_id,product_category,sales,price,vendor_id,pet_size,pet_type,rating,re_buy
5040,Equipment,123000,94.81,1605,small,fish,7,1
4567,Toys,61000,120.95,1132,small,cat,10,0
4364,Snack,69000,241.27,929,large,dog,1,1
4184,Supplements,138000,133.68,749,large,dog,10,0
4609,Bedding,183000,51.60,1174,large,cat,10,0
4380,Toys,79000,175.75,945,extra_small,dog,8,0
4389,Bedding,205000,170.01,954,large,cat,9,0
4697,Supplements,116000,178.11,1262,small,cat,10,0
4238,Medicine,141000,248.07,803,medium,dog,10,1
4650,Snack,185000,188.23,1215,extra_small,dog,10,1
4360,Supplements,50000,127.11,925,extra_small,dog,10,0
4588,Housing,93000,211.47,1153,medium,dog,10,1
4319,Food,192000,60.11,884,large,cat,3,0
4613,Supplements,186000,171.60,1178,medium,cat,10,1
4890,Equipment,182000,173.07,1455,small,dog,6,0
4777,Snack,229000,45.23,1342,medium,cat,7,0
4541,Equipment,185000,109.45,1106,extra_large,cat,10,0
4737,Food,129000,153.62,1302,medium,cat,7,0
4341,Food,126000,10.92,906,extra_large,cat,5,1
4478,Housing,210000,195.98,1043,medium,dog,3,1
4179,Clothes,93000,233.23,744,large,cat,3,0
4384,Accessory,204000,134.00,949,large,dog,1,1
4561,Food,224000,108.64,1126,extra_large,cat,10,1
4271,Medicine,188000,22.01,836,extra_large,fish,4,1
4464,Equipment,142000,147.64,1029,large,dog,6,0
4615,Accessory,131000,247.51,1180,extra_small,cat,10,0
4671,Food,8000,233.47,1236,extra_large,cat,10,1
4456,Housing,61000,178.91,1021,extra_large,dog,6,1
4316,Supplements,22000,67.57,881,extra_large,dog,6,1
4756,Medicine,170000,137.53,1321,small,dog,7,0
5025,Equipment,172000,246.68,1590,medium,bird,6,1
4595,Snack,117000,122.46,1160,extra_small,cat,10,0
4575,Clothes,74000,88.15,1140,extra_small,cat,10,1
4891,Snack,137000,235.61,1456,medium,cat,6,0
4513,Medicine,42000,195.61,1078,medium,cat,9,1
4208,Accessory,218000,79.99,773,medium,dog,1,1
5021,Toys,196000,242.18,1586,medium,bird,6,1
4224,Bedding,12000,142.45,789,large,bird,1,1
4938,Equipment,162000,138.68,1503,small,dog,6,0
4551,Snack,100000,128.76,1116,extra_large,cat,10,0
4477,Bedding,202000,84.03,1042,small,cat,6,1
4648,Accessory,230000,19.36,1213,medium,dog,10,0
4506,Food,13000,86.79,1071,extra_large,dog,9,1
4594,Food,143000,11.45,1159,large,dog,10,0
4813,Snack,53000,92.42,1378,medium,cat,2,1
4945,Snack,21000,192.71,1510,medium,cat,6,0
4913,Toys,213000,174.23,1478,medium,cat,6,0
4640,Equipment,21000,184.70,1205,extra_small,dog,10,1
4427,Grooming,101000,12.27,992,small,cat,2,0
4476,Clothes,188000,76.04,1041,extra_large,dog,9,1
4443,Clothes,225000,221.14,1008,medium,cat,1,1
4451,Food,139000,61.39,1016,extra_large,cat,2,1
4830,Equipment,140000,88.93,1395,small,dog,2,1
4865,Toys,223000,178.88,1430,medium,cat,6,1
5001,Equipment,110000,204.05,1566,medium,bird,6,0
5048,Toys,66000,168.86,1613,small,fish,7,1
4509,Clothes,55000,171.28,1074,large,cat,3,1
4441,Snack,15000,182.39,1006,extra_large,cat,8,1
4857,Equipment,25000,176.25,1422,medium,cat,1,1
4434,Housing,170000,109.80,999,large,dog,2,1
4531,Clothes,88000,80.11,1096,extra_large,cat,7,1
5049,Equipment,74000,178.39,1614,medium,bird,7,1
4818,Equipment,30000,219.69,1383,small,dog,2,1
4426,Supplements,228000,241.41,991,extra_large,dog,8,0
4599,Housing,230000,75.45,1164,large,cat,10,1
4750,Medicine,111000,100.49,1315,small,dog,7,1
4500,Housing,177000,4.76,1065,extra_small,dog,8,1
4988,Toys,65000,215.31,1553,small,fish,6,0
4482,Grooming,210000,26.68,1047,small,dog,4,1
4565,Bedding,85000,28.46,1130,extra_small,cat,10,1
4284,Grooming,202000,203.22,849,large,bird,4,0
4428,Accessory,140000,86.16,993,medium,dog,8,0
4215,Toys,178000,156.32,780,extra_small,cat,3,1
4995,Equipment,25000,93.11,1560,medium,bird,6,0
4880,Toys,11000,43.86,1445,small,dog,6,0
4253,Food,71000,216.03,818,medium,fish,6,1
4373,Accessory,138000,239.56,938,medium,cat,5,1
4952,Toys,20000,107.11,1517,small,dog,6,0
4280,Housing,64000,33.62,845,extra_small,dog,7,0
4254,Snack,114000,81.96,819,large,bird,10,0
4682,Supplements,143000,212.55,1247,small,dog,10,1
4525,Supplements,115000,186.03,1090,extra_small,cat,5,0
4191,Bedding,160000,229.12,756,extra_large,cat,6,1
4432,Clothes,137000,107.35,997,small,dog,10,0
4533,Housing,35000,49.91,1098,medium,cat,7,1
4375,Snack,117000,74.19,940,extra_small,cat,1,0
4581,Grooming,188000,118.05,1146,extra_large,cat,10,0
4936,Snack,122000,88.98,1501,small,dog,6,0
4338,Supplements,163000,62.45,903,medium,dog,10,0
4498,Clothes,151000,133.34,1063,medium,dog,4,1
4293,Medicine,66000,20.10,858,medium,cat,8,1
4520,Clothes,141000,3.33,1085,extra_small,dog,4,1
4629,Equipment,77000,181.44,1194,large,cat,10,1
4874,Toys,45000,40.31,1439,small,dog,6,0
4775,Toys,172000,108.10,1340,medium,cat,7,0
4439,Accessory,102000,97.46,1004,large,cat,3,0
4875,Equipment,118000,85.71,1440,medium,cat,6,0
4839,Equipment,125000,162.14,1404,medium,cat,1,1
4556,Toys,52000,201.55,1121,extra_large,dog,10,0
4811,Toys,121000,239.97,1376,medium,cat,2,1
4491,Medicine,151000,26.51,1056,extra_large,cat,5,0
4685,Supplements,73000,251.74,1250,extra_small,cat,10,1
4752,Food,116000,35.14,1317,small,dog,7,0
4991,Toys,118000,6.27,1556,medium,bird,6,0
4923,Equipment,22000,228.45,1488,medium,cat,6,0
4977,Equipment,134000,54.74,1542,medium,bird,6,0
4674,Clothes,49000,211.86,1239,large,dog,10,0
4628,Snack,161000,158.44,1193,medium,dog,10,1
4356,Bedding,114000,163.50,921,extra_large,dog,1,1
4289,Clothes,160000,165.36,854,large,fish,6,0
4696,Medicine,155000,210.08,1261,extra_large,dog,10,0
4863,Equipment,75000,21.83,1428,medium,cat,6,1
4197,Accessory,90000,32.43,762,small,cat,8,1
4220,Food,101000,197.28,785,extra_small,dog,2,1
4577,Housing,14000,132.21,1142,small,cat,10,0
4187,Food,6000,108.34,752,small,fish,5,0
4681,Medicine,20000,98.18,1246,extra_large,cat,10,0
4562,Snack,153000,206.14,1127,small,dog,10,0
4453,Equipment,188000,134.41,1018,medium,cat,5,0
4858,Snack,166000,86.09,1423,small,dog,1,1
4233,Equipment,108000,160.74,798,medium,cat,3,1
5015,Toys,59000,35.06,1580,medium,bird,6,1
4801,Snack,175000,58.82,1366,medium,cat,7,1
4717,Medicine,78000,194.62,1282,medium,cat,10,1
4980,Equipment,126000,38.77,1545,small,fish,6,0
4315,Medicine,207000,139.49,880,extra_small,cat,2,0
4592,Grooming,34000,118.24,1157,small,dog,10,0
4906,Snack,86000,162.23,1471,small,dog,6,0
4837,Snack,25000,14.25,1402,medium,cat,2,1
4922,Toys,196000,221.42,1487,small,dog,6,0
4870,Snack,36000,60.00,1435,small,dog,6,0
4634,Medicine,49000,221.77,1199,large,dog,10,0
4716,Food,99000,58.90,1281,small,dog,10,0
4269,Housing,183000,212.82,834,large,cat,2,0
5004,Equipment,116000,152.91,1569,small,fish,6,0
4954,Snack,94000,3.90,1519,small,dog,6,0
4796,Toys,80000,188.84,1361,small,dog,7,1
4799,Toys,184000,169.29,1364,medium,cat,7,1
4937,Toys,75000,111.54,1502,medium,cat,6,0
4981,Snack,150000,215.55,1546,medium,bird,6,0
4790,Toys,79000,159.13,1355,small,dog,7,0
4181,Housing,44000,40.91,746,extra_large,fish,8,1
4259,Toys,97000,96.77,824,large,fish,8,0
5047,Snack,94000,158.64,1612,medium,bird,7,1
4377,Clothes,66000,218.61,942,small,cat,8,1
4537,Grooming,61000,23.70,1102,small,cat,6,0
4624,Supplements,70000,57.16,1189,large,dog,10,0
4951,Snack,190000,124.53,1516,medium,cat,6,0
4774,Snack,181000,52.53,1339,small,dog,7,0
4411,Bedding,162000,33.44,976,extra_large,cat,2,1
4953,Equipment,46000,21.92,1518,medium,cat,6,0
4431,Equipment,108000,175.82,996,extra_large,cat,4,1
4394,Grooming,21000,47.32,959,large,dog,6,1
4765,Medicine,149000,163.66,1330,medium,cat,7,1
4447,Medicine,184000,79.34,1012,small,cat,5,0
4335,Housing,153000,95.52,900,extra_small,cat,4,0
4895,Toys,140000,51.18,1460,medium,cat,6,0
4655,Toys,47000,57.43,1220,extra_small,cat,10,0
4557,Medicine,46000,184.82,1122,small,cat,10,0
4963,Snack,129000,157.16,1528,medium,bird,6,0
4871,Toys,42000,56.95,1436,medium,cat,6,0
4244,Equipment,31000,187.66,809,large,dog,6,1
4419,Snack,64000,224.73,984,large,cat,5,1
4606,Snack,20000,214.04,1171,extra_large,dog,10,0
4975,Snack,191000,125.15,1540,medium,bird,6,0
5033,Toys,79000,86.58,1598,medium,bird,6,1
4358,Toys,3000,232.93,923,medium,dog,6,0
4788,Equipment,98000,27.08,1353,small,dog,7,1
4698,Food,130000,33.72,1263,medium,dog,10,1
4266,Equipment,224000,241.46,831,extra_large,bird,5,0
4792,Snack,217000,20.97,1357,small,dog,7,0
4503,Supplements,139000,134.84,1068,medium,cat,4,1
4679,Supplements,203000,249.64,1244,large,cat,10,1
4998,Equipment,200000,146.67,1563,small,fish,6,0
4855,Snack,151000,165.33,1420,medium,cat,1,1
5029,Snack,181000,105.10,1594,medium,bird,6,1
4759,Medicine,72000,1.30,1324,medium,cat,7,0
4602,Supplements,142000,61.39,1167,small,dog,10,1
4663,Clothes,224000,43.90,1228,medium,cat,10,1
4260,Medicine,79000,111.90,825,extra_small,bird,4,0
4242,Food,142000,14.42,807,small,bird,3,1
4639,Snack,178000,24.09,1204,large,cat,10,1
4515,Grooming,87000,211.22,1080,extra_small,cat,4,0
4538,Accessory,50000,40.79,1103,medium,dog,4,1
4173,Supplements,79000,117.96,738,medium,cat,1,0
4363,Food,3000,148.45,928,medium,cat,7,0
4744,Medicine,56000,24.27,1309,small,dog,7,1
4766,Toys,191000,246.35,1331,small,dog,7,1
4410,Clothes,195000,22.11,975,extra_small,dog,7,0
4217,Supplements,177000,36.11,782,small,fish,6,1
4182,Toys,70000,50.40,747,small,bird,6,0
4877,Toys,194000,46.92,1442,medium,cat,6,0
4570,Grooming,181000,134.95,1135,extra_small,dog,10,0
4898,Toys,129000,222.01,1463,small,dog,6,0
4178,Equipment,120000,89.65,743,medium,dog,4,1
4298,Snack,211000,221.49,863,medium,dog,9,0
4778,Toys,103000,49.54,1343,small,dog,7,0
4793,Toys,26000,14.81,1358,medium,cat,7,1
4474,Snack,176000,62.48,1039,large,dog,7,0
4916,Toys,96000,64.99,1481,small,dog,6,0
5036,Toys,200000,195.34,1601,small,fish,7,1
4511,Housing,31000,10.65,1076,extra_large,cat,2,0
4647,Grooming,22000,121.50,1212,small,cat,10,1
4514,Supplements,120000,31.86,1079,large,dog,8,0
4526,Grooming,115000,135.59,1091,extra_large,dog,6,1
4190,Clothes,57000,59.10,755,extra_small,dog,2,0
4469,Medicine,88000,48.04,1034,large,cat,1,0
4542,Clothes,223000,245.52,1107,small,dog,10,0
4452,Snack,138000,36.17,1017,small,dog,3,1
4268,Bedding,163000,162.28,833,medium,dog,9,1
4413,Toys,18000,129.02,978,medium,cat,9,0
4307,Accessory,184000,238.16,872,small,fish,8,0
4986,Equipment,228000,227.18,1551,small,fish,6,0
4361,Grooming,203000,53.98,926,extra_large,cat,7,0
4738,Medicine,41000,96.08,1303,small,dog,7,0
5032,Snack,132000,67.91,1597,small,fish,6,1
4727,Supplements,146000,154.00,1292,medium,cat,10,1
4767,Equipment,154000,226.78,1332,medium,cat,7,0
4763,Supplements,88000,129.52,1328,medium,cat,7,0
4211,Equipment,27000,201.15,776,extra_large,fish,10,1
4688,Supplements,141000,207.96,1253,medium,dog,10,1
4194,Medicine,103000,167.22,759,large,bird,1,1
4848,Equipment,145000,168.19,1413,small,dog,1,1
4516,Accessory,16000,97.44,1081,extra_large,dog,6,0
4812,Equipment,49000,244.41,1377,small,dog,2,1
4576,Bedding,188000,77.54,1141,extra_large,dog,10,0
4713,Food,49000,110.76,1278,medium,cat,10,1
4310,Equipment,105000,51.28,875,extra_small,dog,9,1
4885,Snack,116000,55.90,1450,medium,cat,6,0
4275,Food,25000,158.76,840,extra_small,cat,4,1
4807,Snack,76000,188.07,1372,medium,cat,2,1
4248,Toys,18000,198.03,813,medium,bird,1,1
4429,Food,180000,192.24,994,large,cat,10,0
4810,Snack,102000,169.99,1375,small,dog,2,1
4904,Toys,41000,173.58,1469,small,dog,6,0
4806,Equipment,147000,215.74,1371,small,dog,2,1
4527,Accessory,82000,14.90,1092,small,cat,9,0
4680,Food,52000,176.49,1245,extra_small,dog,10,0
4408,Snack,143000,109.55,973,medium,dog,5,0
4305,Supplements,102000,106.54,870,extra_small,cat,1,0
4302,Housing,27000,222.26,867,small,bird,9,1
4328,Grooming,109000,71.42,893,medium,dog,4,0
4882,Snack,49000,168.47,1447,small,dog,6,0
4911,Equipment,61000,26.95,1476,medium,cat,6,0
4771,Snack,93000,24.43,1336,medium,cat,7,0
4961,Toys,62000,41.34,1526,medium,bird,6,0
4761,Food,111000,143.00,1326,medium,cat,7,0
4611,Toys,94000,194.74,1176,extra_large,cat,10,1
4369,Toys,127000,163.40,934,large,cat,8,0
5043,Equipment,214000,241.37,1608,medium,bird,7,1
4354,Equipment,212000,107.16,919,large,dog,7,0
5031,Equipment,42000,94.47,1596,medium,bird,6,1
4342,Snack,179000,149.16,907,small,dog,5,1
4528,Food,126000,81.68,1093,medium,dog,7,0
4370,Medicine,147000,85.60,935,extra_small,dog,1,1
4684,Medicine,87000,73.96,1249,large,dog,10,0
4710,Food,41000,97.82,1275,small,dog,10,1
4944,Equipment,3000,174.51,1509,small,dog,6,0
4433,Bedding,92000,136.06,998,medium,cat,1,0
4856,Toys,79000,143.66,1421,small,dog,1,1
4899,Equipment,184000,29.37,1464,medium,cat,6,0
4934,Toys,164000,215.20,1499,small,dog,6,0
4287,Snack,130000,168.31,852,small,cat,3,1
4492,Supplements,10000,163.70,1057,small,dog,7,1
4919,Toys,16000,71.27,1484,medium,cat,6,0
4962,Equipment,134000,26.47,1527,small,fish,6,0
4768,Snack,68000,130.47,1333,small,dog,7,1
4329,Accessory,143000,48.40,894,large,cat,6,1
5045,Toys,117000,210.07,1610,medium,bird,7,1
5017,Snack,146000,20.15,1582,medium,bird,6,1
4935,Equipment,19000,65.51,1500,medium,cat,6,0
4721,Supplements,145000,20.64,1286,medium,cat,10,0
4502,Medicine,135000,107.02,1067,small,dog,1,1
4493,Grooming,147000,180.31,1058,medium,cat,8,0
4461,Accessory,47000,5.89,1026,extra_large,cat,2,0
4331,Snack,92000,161.04,896,extra_large,cat,2,0
4379,Housing,25000,234.35,944,large,cat,6,0
4558,Supplements,57000,78.91,1123,medium,dog,10,0
4582,Accessory,101000,107.67,1147,small,dog,10,0
4711,Medicine,195000,12.54,1276,medium,cat,10,0
4518,Snack,61000,16.17,1083,medium,dog,9,1
4743,Food,63000,3.96,1308,medium,cat,7,0
4677,Toys,83000,170.88,1242,small,cat,10,1
4745,Supplements,197000,41.51,1310,medium,cat,7,0
4278,Clothes,164000,181.10,843,medium,bird,6,0
4762,Medicine,162000,216.06,1327,small,dog,7,1
4654,Housing,211000,161.38,1219,large,dog,10,1
4617,Snack,204000,160.41,1182,small,cat,10,0
4694,Supplements,13000,69.65,1259,large,dog,10,1
4626,Accessory,177000,230.37,1191,extra_large,dog,10,1
4636,Grooming,116000,228.29,1201,extra_large,dog,10,1
4508,Equipment,70000,162.11,1073,medium,dog,8,0
4769,Toys,18000,163.76,1334,medium,cat,7,1
4619,Clothes,195000,134.60,1184,large,cat,10,0
4444,Bedding,102000,160.82,1009,large,dog,6,1
4754,Supplements,202000,83.02,1319,small,dog,7,0
4740,Food,116000,247.12,1305,small,dog,7,0
4314,Toys,9000,114.96,879,large,dog,6,0
4753,Medicine,149000,183.85,1318,medium,cat,7,1
4483,Accessory,137000,46.06,1048,medium,cat,6,1
4206,Supplements,174000,163.97,771,extra_large,bird,3,1
4543,Bedding,101000,72.08,1108,medium,cat,10,1
4574,Equipment,200000,125.37,1139,large,dog,10,1
4468,Toys,52000,247.83,1033,medium,dog,7,1
4700,Supplements,217000,46.22,1265,extra_small,dog,10,1
4819,Snack,181000,28.90,1384,medium,cat,2,1
4396,Food,222000,222.51,961,extra_large,dog,8,1
4915,Snack,163000,139.33,1480,medium,cat,6,0
4809,Equipment,202000,74.85,1374,medium,cat,2,1
4933,Snack,49000,211.32,1498,medium,cat,6,0
4976,Toys,141000,166.01,1541,small,fish,6,0
4646,Supplements,26000,106.24,1211,extra_large,dog,10,0
4485,Snack,16000,21.92,1050,extra_small,cat,2,0
4803,Equipment,226000,244.13,1368,medium,cat,7,1
4409,Equipment,209000,103.96,974,large,cat,1,1
4454,Clothes,42000,192.57,1019,large,dog,9,1
4603,Grooming,100000,51.34,1168,medium,cat,10,1
4301,Bedding,93000,148.93,866,extra_large,fish,7,0
4735,Medicine,205000,240.07,1300,medium,cat,7,0
4838,Toys,105000,121.10,1403,small,dog,2,1
4894,Snack,161000,238.07,1459,small,dog,6,0
4590,Medicine,113000,118.96,1155,extra_small,dog,10,1
4959,Equipment,144000,155.87,1524,medium,bird,6,0
4932,Equipment,213000,4.03,1497,small,dog,6,0
4814,Toys,86000,164.54,1379,small,dog,2,1
4416,Grooming,124000,128.41,981,extra_large,dog,5,0
4888,Snack,142000,91.05,1453,small,dog,6,0
4645,Medicine,201000,105.38,1210,extra_small,cat,10,0
5035,Snack,198000,94.29,1600,medium,bird,7,1
4435,Toys,34000,89.12,1000,extra_small,cat,4,0
4374,Food,132000,162.38,939,large,dog,8,0
4463,Snack,18000,65.43,1028,medium,cat,1,0
4230,Accessory,151000,183.92,795,extra_small,bird,4,0
4726,Medicine,171000,49.11,1291,small,dog,10,1
4593,Accessory,179000,81.48,1158,medium,cat,10,0
4334,Bedding,187000,233.28,899,large,dog,3,1
5023,Snack,160000,206.34,1588,medium,bird,6,1
4638,Food,148000,63.67,1203,medium,dog,10,0
4845,Equipment,109000,121.07,1410,medium,cat,1,1
4442,Equipment,150000,109.68,1007,small,dog,4,0
4292,Toys,111000,212.37,857,small,dog,3,0
5044,Snack,144000,201.94,1609,small,fish,7,1
4227,Medicine,81000,189.25,792,small,cat,7,0
4861,Snack,65000,15.82,1426,medium,cat,1,1
4926,Equipment,31000,244.34,1491,small,dog,6,0
4786,Snack,149000,88.15,1351,small,dog,7,1
4521,Bedding,11000,140.61,1086,extra_large,cat,6,0
4931,Toys,226000,25.80,1496,medium,cat,6,0
4823,Toys,90000,102.88,1388,medium,cat,2,1
4723,Medicine,229000,62.65,1288,medium,cat,10,0
4827,Equipment,207000,122.51,1392,medium,cat,2,1
4950,Equipment,117000,214.12,1515,small,dog,6,0
4705,Medicine,99000,78.18,1270,extra_small,cat,10,0
4851,Equipment,63000,51.36,1416,medium,cat,1,1
4984,Snack,63000,121.94,1549,small,fish,6,0
4967,Toys,31000,239.06,1532,medium,bird,6,0
4673,Equipment,77000,105.39,1238,medium,cat,10,1
4185,Grooming,109000,82.81,750,extra_small,cat,3,1
4627,Food,230000,211.91,1192,small,cat,10,0
4348,Medicine,123000,2.09,913,medium,dog,1,0
4290,Bedding,72000,168.60,855,extra_small,bird,1,0
4849,Snack,161000,167.62,1414,medium,cat,1,1
4530,Equipment,139000,154.04,1095,extra_small,dog,3,1
4960,Snack,136000,220.42,1525,small,fish,6,0
4779,Equipment,172000,21.75,1344,medium,cat,7,0
4941,Equipment,65000,231.96,1506,medium,cat,6,0
4450,Accessory,81000,57.97,1015,extra_small,dog,2,1
4702,Medicine,142000,51.58,1267,small,dog,10,1
4580,Supplements,198000,182.83,1145,extra_small,dog,10,0
4522,Housing,193000,18.12,1087,small,dog,9,1
4235,Bedding,180000,52.38,800,extra_small,fish,10,0
4391,Toys,95000,232.47,956,extra_large,cat,5,1
4670,Accessory,78000,109.92,1235,extra_small,dog,10,1
4914,Equipment,145000,114.35,1479,small,dog,6,0
4597,Clothes,4000,197.83,1162,small,cat,10,0
4826,Toys,162000,90.84,1391,small,dog,2,1
4327,Supplements,4000,46.49,892,small,cat,9,1
4844,Toys,173000,120.32,1409,small,dog,1,1
4741,Medicine,3000,155.14,1306,medium,cat,7,0
4401,Housing,100000,232.61,966,extra_large,cat,9,0
4568,Medicine,151000,32.23,1133,medium,dog,10,0
4868,Toys,73000,170.50,1433,small,dog,6,0
4448,Supplements,218000,188.21,1013,medium,dog,10,0
4587,Bedding,202000,13.29,1152,small,cat,10,1
4405,Grooming,106000,177.93,970,extra_small,cat,2,1
4475,Equipment,201000,78.13,1040,extra_small,cat,5,1
4385,Food,115000,195.12,950,extra_small,cat,9,1
4382,Supplements,25000,185.08,947,small,dog,9,0
4318,Accessory,36000,40.92,883,medium,dog,7,1
4678,Medicine,131000,98.89,1243,medium,dog,10,1
4652,Clothes,214000,96.99,1217,small,dog,10,0
4860,Equipment,191000,17.46,1425,small,dog,1,1
4821,Equipment,144000,241.08,1386,medium,cat,2,1
4175,Accessory,83000,31.93,740,extra_small,fish,7,0
4732,Medicine,39000,194.40,1297,small,dog,7,0
4725,Food,195000,243.01,1290,medium,cat,10,1
4921,Snack,12000,205.49,1486,medium,cat,6,0
4707,Food,38000,87.80,1272,medium,cat,10,0
4412,Housing,13000,99.66,977,small,dog,1,0
4946,Toys,47000,192.65,1511,small,dog,6,0
4760,Supplements,71000,150.16,1325,small,dog,7,0
4794,Equipment,96000,47.85,1359,small,dog,7,1
4795,Snack,16000,5.85,1360,medium,cat,7,1
4820,Toys,132000,214.28,1385,small,dog,2,1
4929,Equipment,128000,58.25,1494,medium,cat,6,0
4353,Snack,39000,43.15,918,medium,cat,3,1
4782,Equipment,117000,213.95,1347,small,dog,7,0
4545,Toys,202000,50.93,1110,extra_small,cat,10,0
4797,Equipment,189000,24.10,1362,medium,cat,7,1
4610,Housing,119000,252.32,1175,extra_small,dog,10,0
4550,Food,15000,146.70,1115,extra_small,dog,10,0
4661,Snack,104000,16.85,1226,extra_large,cat,10,1
4720,Medicine,19000,206.88,1285,small,dog,10,0
4653,Bedding,223000,133.84,1218,medium,cat,10,1
4362,Accessory,229000,168.49,927,small,dog,2,1
5018,Toys,148000,130.21,1583,small,fish,6,1
4616,Food,113000,73.66,1181,extra_large,dog,10,1
4188,Snack,61000,147.94,753,medium,bird,7,1
4490,Toys,204000,48.07,1055,extra_small,dog,3,0
4729,Medicine,123000,251.73,1294,medium,cat,10,0
4630,Clothes,92000,252.69,1195,extra_small,dog,10,0
4649,Food,3000,61.32,1214,large,cat,10,1
4176,Food,42000,119.34,741,extra_large,bird,1,0
4846,Snack,5000,58.90,1411,small,dog,1,1
4317,Grooming,75000,151.28,882,small,cat,8,0
4618,Equipment,185000,35.10,1183,medium,dog,10,0
4333,Clothes,40000,127.49,898,medium,cat,10,1
4831,Snack,30000,212.19,1396,medium,cat,2,1
4730,Supplements,130000,159.25,1295,small,dog,7,0
4662,Equipment,148000,160.85,1227,small,dog,10,1
4709,Supplements,152000,99.05,1274,medium,cat,10,0
4547,Supplements,25000,144.56,1112,small,cat,10,1
4489,Housing,36000,5.24,1054,large,cat,9,1
5003,Toys,109000,167.47,1568,medium,bird,6,0
5042,Toys,176000,118.42,1607,small,fish,7,1
4323,Bedding,132000,176.59,888,medium,cat,1,0
4236,Housing,193000,198.15,801,extra_large,bird,7,0
4571,Accessory,201000,118.44,1136,extra_large,cat,10,1
4897,Snack,197000,59.22,1462,medium,cat,6,0
4864,Snack,83000,163.72,1429,small,dog,6,1
4534,Toys,99000,196.82,1099,large,dog,10,1
4406,Accessory,200000,128.47,971,extra_large,dog,6,0
4239,Supplements,93000,233.42,804,large,cat,3,1
4585,Equipment,107000,84.67,1150,extra_small,cat,10,1
4583,Food,228000,22.16,1148,medium,cat,10,1
5039,Toys,29000,66.88,1604,medium,bird,7,1
4770,Equipment,92000,25.00,1335,small,dog,7,1
4755,Food,157000,2.35,1320,medium,cat,7,1
4958,Toys,121000,41.04,1523,small,fish,6,0
4676,Housing,205000,126.13,1241,extra_large,dog,10,0
4563,Equipment,25000,154.30,1128,medium,cat,10,0
4312,Bedding,171000,166.78,877,small,dog,7,1
4947,Equipment,95000,107.68,1512,medium,cat,6,0
4596,Equipment,65000,180.83,1161,extra_large,dog,10,1
4512,Toys,219000,95.55,1077,small,dog,1,0
4869,Equipment,77000,199.65,1434,medium,cat,6,0
4519,Equipment,166000,11.15,1084,large,cat,8,0
4420,Equipment,95000,22.68,985,extra_small,dog,2,1
4966,Snack,137000,70.95,1531,small,fish,6,0
4942,Snack,22000,19.36,1507,small,dog,6,0
4687,Medicine,136000,199.26,1252,small,cat,10,1
4555,Housing,26000,148.46,1120,extra_small,cat,10,0
4902,Equipment,70000,27.30,1467,small,dog,6,0
4623,Medicine,74000,115.92,1188,medium,cat,10,1
4232,Snack,208000,193.30,797,small,dog,3,1
4296,Accessory,221000,234.65,861,extra_large,bird,8,1
4940,Toys,219000,169.73,1505,small,dog,6,0
4828,Snack,34000,19.23,1393,small,dog,2,1
4887,Equipment,80000,205.92,1452,medium,cat,6,0
4400,Bedding,129000,56.48,965,extra_small,dog,8,1
4494,Accessory,169000,205.69,1059,large,dog,7,1
4283,Supplements,14000,208.87,848,medium,fish,9,0
4387,Equipment,122000,117.20,952,small,cat,9,1
4486,Equipment,195000,177.88,1051,extra_large,dog,8,0
4600,Toys,17000,173.36,1165,extra_small,dog,10,0
4873,Snack,224000,221.51,1438,medium,cat,6,0
4965,Equipment,10000,104.23,1530,medium,bird,6,0
4712,Supplements,157000,216.32,1277,small,dog,10,0
4983,Equipment,180000,109.93,1548,medium,bird,6,0
4199,Snack,31000,61.32,764,large,fish,9,1
4218,Grooming,152000,14.96,783,medium,bird,3,0
4632,Housing,9000,215.15,1197,small,dog,10,0
5007,Equipment,77000,129.38,1572,medium,bird,6,0
4414,Medicine,206000,52.82,979,large,dog,3,0
4836,Equipment,217000,242.85,1401,small,dog,2,1
4872,Equipment,83000,170.26,1437,small,dog,6,0
4683,Food,177000,218.48,1248,medium,cat,10,1
5012,Toys,150000,146.86,1577,small,fish,6,0
4693,Medicine,175000,241.25,1258,medium,cat,10,1
4660,Food,18000,137.96,1225,extra_small,dog,10,1
4668,Supplements,214000,23.50,1233,medium,dog,10,0
4203,Housing,194000,103.70,768,medium,cat,9,1
4504,Grooming,96000,78.78,1069,large,dog,6,0
4970,Toys,175000,14.69,1535,small,fish,6,0
4539,Food,12000,97.20,1104,large,cat,9,0
4910,Toys,40000,245.71,1475,small,dog,6,0
4371,Supplements,68000,239.45,936,extra_large,cat,10,0
4728,Food,37000,148.64,1293,small,dog,10,1
4825,Snack,23000,189.28,1390,medium,cat,2,1
4719,Food,85000,206.64,1284,medium,cat,10,0
4496,Snack,99000,200.00,1061,extra_large,dog,10,1
4990,Snack,221000,178.19,1555,small,fish,6,0
4339,Grooming,221000,145.40,904,large,cat,1,1
4622,Toys,21000,247.16,1187,small,dog,10,0
4437,Supplements,127000,120.73,1002,small,cat,6,1
4881,Equipment,20000,148.73,1446,medium,cat,6,0
4829,Toys,177000,69.61,1394,medium,cat,2,1
4245,Clothes,31000,21.45,810,extra_small,cat,6,0
4337,Medicine,188000,245.49,902,small,cat,4,1
5008,Snack,127000,2.28,1573,small,fish,6,0
4326,Medicine,5000,203.87,891,extra_large,dog,3,1
4742,Supplements,183000,169.44,1307,small,dog,7,0
5028,Equipment,8000,208.31,1593,small,fish,6,1
4200,Equipment,151000,65.79,765,extra_small,bird,1,1
4987,Snack,222000,18.36,1552,medium,bird,6,0
4466,Bedding,87000,46.98,1031,extra_large,dog,1,1
4724,Supplements,222000,164.45,1289,small,dog,10,0
4535,Medicine,176000,218.72,1100,extra_small,cat,10,1
4789,Snack,181000,237.13,1354,medium,cat,7,0
4281,Toys,29000,16.99,846,extra_large,cat,9,0
4817,Toys,40000,180.57,1382,medium,cat,2,1
4852,Snack,30000,14.53,1417,small,dog,1,1
5000,Toys,103000,98.28,1565,small,fish,6,0
5030,Toys,133000,8.84,1595,small,fish,6,1
4714,Medicine,120000,231.43,1279,small,dog,10,1
4883,Toys,167000,252.55,1448,medium,cat,6,0
4748,Supplements,100000,27.88,1313,small,dog,7,0
4955,Toys,84000,146.52,1520,medium,cat,6,0
4351,Accessory,52000,103.25,916,extra_large,cat,5,0
4787,Toys,10000,165.49,1352,medium,cat,7,1
4214,Housing,172000,86.27,779,large,dog,6,0
4614,Grooming,185000,128.15,1179,large,dog,10,1
4457,Toys,91000,165.14,1022,small,cat,8,1
5020,Snack,226000,219.18,1585,small,fish,6,1
4286,Food,211000,187.85,851,extra_large,dog,6,0
4884,Equipment,44000,100.04,1449,small,dog,6,0
4544,Housing,77000,44.52,1109,large,dog,10,0
4421,Clothes,198000,65.57,986,extra_large,cat,9,0
4822,Snack,135000,179.62,1387,small,dog,2,1
4731,Food,213000,36.31,1296,medium,cat,7,1
4481,Supplements,56000,192.53,1046,extra_large,cat,8,1
4879,Snack,74000,156.81,1444,medium,cat,6,0
4757,Supplements,12000,105.36,1322,medium,cat,7,1
5014,Snack,111000,28.85,1579,small,fish,6,1
4708,Medicine,185000,207.39,1273,small,dog,10,1
4607,Equipment,177000,121.06,1172,small,cat,10,1
4446,Toys,96000,5.98,1011,extra_large,dog,9,0
4368,Housing,110000,25.77,933,medium,dog,3,0
4566,Housing,127000,130.21,1131,extra_large,dog,10,0
4321,Equipment,227000,105.35,886,extra_large,cat,5,0
4665,Housing,38000,93.38,1230,extra_small,cat,10,1
4398,Equipment,187000,123.36,963,medium,dog,1,1
4971,Equipment,48000,185.96,1536,medium,bird,6,0
4604,Accessory,193000,125.79,1169,large,dog,10,0
4939,Snack,143000,16.00,1504,medium,cat,6,0
4964,Toys,56000,219.87,1529,small,fish,6,0
4546,Medicine,112000,207.45,1111,extra_large,dog,10,1
4501,Toys,21000,93.28,1066,extra_large,cat,4,1
4791,Equipment,82000,192.28,1356,medium,cat,7,1
4772,Toys,57000,171.95,1337,small,dog,7,1
4540,Snack,177000,8.97,1105,extra_small,dog,10,1
4372,Grooming,227000,6.24,937,small,dog,9,0
4349,Supplements,189000,120.24,914,large,cat,5,0
4256,Clothes,46000,38.95,821,extra_large,dog,8,1
4691,Supplements,44000,241.92,1256,extra_large,cat,10,0
4866,Equipment,99000,230.82,1431,small,dog,6,1
4892,Toys,224000,17.16,1457,small,dog,6,0
4449,Grooming,38000,132.74,1014,large,cat,5,0
4612,Medicine,139000,207.87,1177,small,dog,10,0
4972,Snack,85000,84.82,1537,small,fish,6,0
4784,Toys,148000,178.24,1349,small,dog,7,1
4272,Supplements,191000,163.07,837,small,bird,5,0
4193,Toys,51000,244.39,758,medium,fish,6,1
4893,Equipment,101000,138.93,1458,medium,cat,6,0
4658,Grooming,92000,177.15,1223,medium,dog,10,1
4251,Grooming,67000,116.05,816,extra_large,cat,5,0
4350,Grooming,60000,108.84,915,extra_small,dog,2,0
4462,Food,27000,66.51,1027,small,dog,3,1
4367,Bedding,62000,20.27,932,small,cat,7,0
4229,Grooming,76000,140.72,794,large,fish,10,0
4905,Equipment,177000,187.46,1470,medium,cat,6,0
4805,Toys,25000,119.38,1370,medium,cat,2,1
4686,Food,181000,108.46,1251,extra_large,dog,10,1
4497,Equipment,186000,63.30,1062,small,cat,7,0
4692,Food,119000,187.97,1257,small,dog,10,0
4635,Supplements,51000,108.19,1200,extra_small,cat,10,1
4308,Food,42000,192.32,873,medium,bird,10,0
4573,Snack,27000,158.86,1138,medium,cat,10,0
4336,Toys,6000,72.55,901,extra_large,dog,2,1
4843,Snack,130000,113.44,1408,medium,cat,1,1
4510,Bedding,211000,173.95,1075,extra_small,dog,9,1
4835,Toys,108000,233.68,1400,medium,cat,2,1
4459,Supplements,126000,51.74,1024,large,cat,6,1
4445,Housing,100000,235.16,1010,extra_small,cat,7,1
4689,Food,199000,31.10,1254,large,cat,10,1
4637,Accessory,217000,172.51,1202,small,cat,10,1
4299,Equipment,77000,57.20,864,large,cat,10,1
4376,Equipment,50000,176.49,941,extra_large,dog,8,0
4473,Food,110000,45.94,1038,medium,cat,5,0
4722,Food,21000,133.43,1287,small,dog,10,1
4718,Supplements,47000,99.78,1283,small,dog,10,0
4659,Accessory,208000,179.87,1224,large,cat,10,1
4943,Toys,124000,72.85,1508,medium,cat,6,0
4324,Housing,125000,133.86,889,large,dog,4,0
4340,Accessory,229000,18.51,905,extra_small,dog,6,0
4517,Food,124000,133.35,1082,small,cat,9,0
4598,Bedding,10000,70.07,1163,medium,dog,10,1
4295,Grooming,138000,64.71,860,extra_small,fish,1,0
4458,Medicine,34000,93.60,1023,medium,dog,3,1
4322,Clothes,161000,142.28,887,small,dog,4,0
5019,Equipment,142000,142.62,1584,medium,bird,6,1
4499,Bedding,40000,110.73,1064,large,cat,4,0
4507,Snack,223000,108.93,1072,small,cat,2,0
4758,Food,76000,229.02,1323,small,dog,7,1
4393,Supplements,16000,140.83,958,medium,cat,5,0
4651,Equipment,156000,159.35,1216,extra_large,cat,10,1
5011,Snack,7000,231.67,1576,medium,bird,6,0
5006,Toys,9000,177.79,1571,small,fish,6,0
4657,Supplements,62000,196.72,1222,small,cat,10,0
4751,Supplements,68000,11.97,1316,medium,cat,7,1
4979,Toys,76000,107.73,1544,medium,bird,6,0
4669,Grooming,78000,242.35,1234,large,cat,10,1
4886,Toys,11000,113.74,1451,small,dog,6,0
4704,Food,5000,247.25,1269,large,dog,10,0
4773,Equipment,27000,239.46,1338,medium,cat,7,0
4815,Equipment,18000,93.31,1380,medium,cat,2,1
4802,Toys,66000,103.82,1367,small,dog,7,1
4644,Toys,217000,66.30,1209,large,dog,10,0
4257,Bedding,91000,148.41,822,small,cat,10,1
4471,Grooming,216000,189.11,1036,extra_large,cat,9,0
4896,Equipment,5000,223.35,1461,small,dog,6,0
4172,Medicine,210000,154.05,737,small,dog,5,0
4841,Toys,78000,163.71,1406,medium,cat,1,1
4226,Toys,11000,166.24,791,extra_large,dog,3,0
4548,Grooming,138000,197.90,1113,medium,dog,10,1
4472,Accessory,28000,1.52,1037,small,dog,4,0
4212,Clothes,196000,240.34,777,small,bird,6,1
4572,Food,49000,119.17,1137,small,dog,10,1
4422,Bedding,194000,107.26,987,small,dog,2,1
5002,Snack,43000,59.41,1567,small,fish,6,0
4479,Toys,194000,207.91,1044,large,cat,4,1
4209,Food,192000,14.99,774,large,cat,6,0
4785,Equipment,142000,78.56,1350,medium,cat,7,1
4969,Snack,66000,147.81,1534,medium,bird,6,0
4974,Equipment,125000,4.59,1539,small,fish,6,0
4578,Toys,208000,165.62,1143,medium,dog,10,1
4703,Supplements,87000,44.37,1268,medium,cat,10,1
4859,Toys,220000,240.14,1424,medium,cat,1,1
4903,Snack,63000,157.04,1468,medium,cat,6,0
4900,Snack,168000,238.43,1465,small,dog,6,0
4355,Clothes,221000,154.05,920,extra_small,cat,10,0
4633,Toys,5000,228.60,1198,medium,cat,10,1
4589,Toys,57000,232.70,1154,large,cat,10,1
5038,Snack,14000,82.85,1603,small,fish,7,1
5050,Snack,150000,178.82,1615,small,fish,7,1
5010,Equipment,224000,31.47,1575,small,fish,6,0
4390,Housing,120000,4.41,955,extra_small,dog,5,1
4247,Housing,160000,116.60,812,small,fish,6,1
4834,Snack,38000,217.63,1399,small,dog,2,1
4908,Equipment,46000,243.63,1473,small,dog,6,0
4417,Accessory,68000,166.89,982,small,cat,4,0
4608,Clothes,56000,6.49,1173,medium,dog,10,1
4488,Bedding,201000,203.48,1053,medium,dog,8,0
5009,Toys,174000,12.05,1574,medium,bird,6,0
4586,Clothes,208000,158.00,1151,extra_large,dog,10,0
5027,Toys,41000,30.06,1592,medium,bird,6,1
4833,Equipment,68000,139.39,1398,medium,cat,2,1
4277,Equipment,8000,104.51,842,small,fish,8,0
5026,Snack,77000,46.32,1591,small,fish,6,1
4675,Bedding,159000,141.41,1240,extra_small,cat,10,0
4347,Toys,13000,235.00,912,small,cat,10,1
4346,Housing,22000,68.67,911,extra_large,dog,8,0
4313,Housing,45000,143.53,878,medium,cat,8,0
4918,Snack,81000,248.94,1483,small,dog,6,0
4241,Accessory,81000,197.73,806,extra_large,fish,4,0
4529,Snack,58000,30.17,1094,large,cat,8,0
4928,Toys,200000,220.43,1493,small,dog,6,0
4470,Supplements,186000,104.84,1035,extra_small,dog,2,1
4523,Toys,64000,215.46,1088,medium,cat,8,0
4484,Food,95000,7.58,1049,large,dog,1,0
4415,Supplements,25000,54.40,980,extra_small,cat,9,1
4798,Snack,160000,40.09,1363,small,dog,7,0
4549,Accessory,184000,165.35,1114,large,cat,10,1
4423,Housing,179000,219.87,988,medium,cat,4,1
4418,Food,88000,27.66,983,medium,dog,10,1
4359,Medicine,85000,178.79,924,large,cat,3,1
4465,Clothes,40000,9.20,1030,extra_small,cat,5,1
4854,Equipment,54000,131.34,1419,small,dog,1,1
4993,Snack,29000,100.87,1558,medium,bird,6,0
4601,Medicine,172000,206.52,1166,extra_large,cat,10,0
4620,Bedding,199000,13.51,1185,extra_small,dog,10,1
4994,Toys,109000,71.37,1559,small,fish,6,0
5005,Snack,197000,19.72,1570,medium,bird,6,0
4330,Food,33000,100.80,895,extra_small,dog,4,0
4532,Bedding,67000,204.96,1097,small,dog,3,0
4366,Clothes,124000,243.20,931,extra_large,dog,7,1
4746,Food,42000,143.58,1311,small,dog,7,1
4907,Toys,97000,29.70,1472,medium,cat,6,0
4524,Medicine,154000,95.29,1089,large,dog,5,0
4992,Equipment,12000,82.90,1557,small,fish,6,0
4656,Medicine,115000,183.81,1221,extra_large,dog,10,1
4842,Equipment,199000,14.55,1407,small,dog,1,1
4460,Grooming,200000,61.07,1025,extra_small,dog,3,1
4968,Equipment,123000,199.50,1533,small,fish,6,0
4553,Clothes,110000,47.52,1118,medium,cat,10,1
4438,Grooming,76000,34.37,1003,medium,dog,7,0
4365,Equipment,179000,207.27,930,extra_small,cat,9,1
4274,Accessory,218000,192.39,839,large,dog,8,0
4715,Supplements,196000,37.13,1280,medium,cat,10,0
4559,Grooming,175000,108.71,1124,large,cat,10,0
4223,Clothes,193000,165.78,788,medium,fish,3,0
4202,Bedding,170000,48.96,767,small,dog,7,0
5037,Equipment,157000,0.35,1602,medium,bird,7,1
4889,Toys,127000,184.29,1454,medium,cat,6,0
4399,Clothes,219000,61.80,964,large,cat,10,0
4621,Housing,181000,56.88,1186,extra_large,cat,10,1
4395,Accessory,173000,190.63,960,extra_small,cat,3,0
4357,Housing,31000,104.73,922,small,cat,3,1
5016,Equipment,159000,163.92,1581,small,fish,6,1
4605,Food,76000,231.82,1170,extra_small,cat,10,0
4832,Toys,50000,148.86,1397,small,dog,2,1
4392,Medicine,149000,94.22,957,small,dog,4,1
4824,Equipment,135000,31.72,1389,small,dog,2,1
4672,Snack,29000,155.51,1237,small,dog,10,0
5046,Equipment,216000,204.04,1611,small,fish,7,1
4221,Snack,110000,120.08,786,extra_large,cat,1,0
4800,Equipment,112000,56.71,1365,small,dog,7,1
5034,Equipment,161000,222.95,1599,small,fish,7,1
4840,Snack,150000,227.11,1405,small,dog,1,1
4480,Medicine,48000,169.39,1045,extra_small,dog,5,1
4332,Equipment,203000,52.03,897,small,dog,9,1
4930,Snack,37000,62.80,1495,small,dog,6,0
4985,Toys,84000,87.88,1550,medium,bird,6,0
4804,Snack,203000,193.74,1369,small,dog,7,1
5022,Equipment,212000,248.59,1587,small,fish,6,1
4667,Medicine,172000,216.70,1232,small,cat,10,0
4436,Medicine,71000,77.30,1001,extra_large,dog,6,1
4982,Toys,207000,120.35,1547,small,fish,6,0
4560,Accessory,29000,245.15,1125,extra_small,dog,10,1
4262,Grooming,90000,247.90,827,small,dog,6,1
4383,Grooming,189000,200.72,948,medium,cat,1,0
4591,Supplements,167000,53.57,1156,extra_large,cat,10,1
4847,Toys,116000,109.16,1412,medium,cat,1,1
4690,Medicine,36000,129.05,1255,extra_small,dog,10,0
4320,Snack,5000,94.51,885,extra_small,dog,8,0
4781,Toys,172000,108.77,1346,medium,cat,7,0
4878,Equipment,9000,40.21,1443,small,dog,6,0
4304,Medicine,177000,48.10,869,large,dog,2,1
4706,Supplements,17000,14.44,1271,small,dog,10,0
4764,Food,135000,157.65,1329,small,dog,7,1
4862,Toys,134000,249.70,1427,small,dog,1,1
4378,Bedding,54000,152.20,943,medium,dog,10,1
4631,Bedding,54000,192.93,1196,extra_large,cat,10,1
5024,Toys,218000,178.31,1589,small,fish,6,1
4402,Toys,19000,12.22,967,small,dog,8,0
4263,Accessory,184000,208.32,828,medium,cat,4,1
4345,Bedding,93000,41.18,910,extra_small,cat,1,0
4867,Snack,215000,217.74,1432,medium,cat,6,0
4996,Snack,209000,225.10,1561,small,fish,6,0
4584,Snack,154000,183.22,1149,large,dog,10,1
4780,Snack,67000,140.30,1345,small,dog,7,1
4917,Equipment,74000,56.81,1482,medium,cat,6,0
4642,Bedding,36000,138.11,1207,small,dog,10,1
4424,Toys,87000,208.06,989,large,dog,7,0
4403,Medicine,207000,220.95,968,medium,cat,5,1
4196,Grooming,121000,76.50,761,extra_large,dog,1,1
4381,Medicine,26000,98.75,946,extra_large,cat,8,1
4734,Food,14000,229.48,1299,small,dog,7,1
4978,Snack,102000,113.89,1543,small,fish,6,0
4386,Snack,197000,217.07,951,extra_large,dog,9,0
4643,Housing,26000,246.14,1208,medium,cat,10,0
4344,Clothes,33000,121.08,909,large,dog,5,0
4505,Accessory,109000,8.98,1070,extra_small,cat,10,0
4956,Equipment,173000,12.28,1521,small,dog,6,0
4876,Snack,92000,201.59,1441,small,dog,6,0
4467,Housing,169000,237.13,1032,small,cat,2,0
5041,Snack,179000,244.80,1606,medium,bird,7,1
4816,Snack,189000,70.90,1381,small,dog,2,1
4736,Supplements,131000,156.18,1301,small,dog,7,1
4920,Equipment,89000,12.56,1485,small,dog,6,0
4666,Toys,41000,58.51,1231,extra_large,dog,10,0
4352,Food,192000,44.50,917,small,dog,8,0
4973,Toys,196000,120.26,1538,medium,bird,6,0
4912,Snack,177000,153.88,1477,small,dog,6,0
4957,Snack,35000,122.41,1522,medium,cat,6,0
4925,Toys,189000,30.26,1490,medium,cat,6,0
4425,Medicine,105000,139.75,990,extra_small,cat,3,1
4440,Food,81000,70.13,1005,extra_small,dog,6,0
4948,Snack,221000,94.25,1513,small,dog,6,0
4739,Supplements,75000,27.66,1304,medium,cat,7,0
4430,Snack,229000,66.40,995,extra_small,dog,6,1
4901,Toys,46000,117.58,1466,medium,cat,6,0
4701,Food,14000,140.93,1266,extra_large,cat,10,1
4250,Supplements,68000,130.14,815,extra_small,dog,2,1
4205,Medicine,156000,12.05,770,extra_small,fish,1,0
4747,Medicine,102000,95.59,1312,medium,cat,7,1
4487,Clothes,38000,237.99,1052,small,cat,4,0
4579,Medicine,205000,190.33,1144,large,cat,10,0
4397,Snack,201000,156.14,962,small,cat,9,0
5013,Equipment,223000,191.52,1578,medium,bird,6,0
4699,Medicine,173000,102.06,1264,large,cat,10,0
4695,Food,173000,228.63,1260,extra_small,cat,10,1
4569,Supplements,190000,149.34,1134,large,cat,10,0
4311,Clothes,180000,140.66,876,extra_large,cat,9,1
4536,Supplements,140000,77.41,1101,extra_large,dog,1,0
4388,Clothes,189000,161.54,953,medium,dog,2,0
4455,Bedding,198000,238.81,1020,extra_small,cat,9,0
4924,Snack,121000,113.71,1489,small,dog,6,0
4404,Supplements,57000,82.69,969,large,dog,6,1
4564,Clothes,195000,67.52,1129,large,dog,10,1
4552,Equipment,29000,199.77,1117,small,dog,10,1
4749,Food,229000,192.15,1314,medium,cat,7,1
4325,Toys,79000,129.00,890,extra_small,cat,3,0
4625,Grooming,185000,150.23,1190,extra_small,cat,10,1
4265,Snack,99000,203.67,830,extra_small,fish,10,0
4808,Toys,118000,229.59,1373,small,dog,2,1
4641,Clothes,47000,100.10,1206,extra_large,cat,10,0
4554,Bedding,107000,104.75,1119,large,dog,10,0
4776,Equipment,170000,235.50,1341,small,dog,7,1
4909,Snack,210000,212.54,1474,medium,cat,6,0
4997,Toys,220000,176.38,1562,medium,bird,6,0
4853,Toys,136000,170.26,1418,medium,cat,1,1
4495,Food,159000,36.02,1060,extra_small,cat,4,0
4407,Food,177000,133.57,972,small,cat,3,1
4989,Equipment,126000,234.17,1554,medium,bird,6,0
4733,Supplements,82000,64.32,1298,medium,cat,7,0
4927,Snack,114000,61.09,1492,medium,cat,6,0
4949,Toys,217000,10.28,1514,medium,cat,6,0
4343,Equipment,212000,129.84,908,medium,cat,10,1
4999,Snack,27000,146.93,1564,medium,bird,6,0
4783,Snack,162000,224.12,1348,medium,cat,7,1
4664,Bedding,34000,199.15,1229,large,dog,10,1
4850,Toys,54000,171.85,1415,small,dog,1,1
